{
  "type": "FeatureCollection",
  "features": [
    {
      "type": "Feature",
      "properties": {
        "id": "000-serge-rosenblum",
        "name": "Serge Rosenblum",
        "current_position": {},
        "platforms": [],
        "affiliations": [],
        "city": "Unknown",
        "country": "Unknown",
        "short_bio": "",
        "md_filename": "000-serge-rosenblum.md"
      },
      "geometry": null
    },
    {
      "type": "Feature",
      "properties": {
        "id": "020-luming-duan",
        "name": "Luming Duan",
        "current_position": {
          "institution": "Tsinghua University (IIIS)",
          "since_year": 2018,
          "title": "Yao Qizhi Chair Professor / Chair Professor of Basic Sciences"
        },
        "platforms": [
          "trapped_ion"
        ],
        "affiliations": [
          "Shanghai Qi Zhi Institute"
        ],
        "city": "Beijing",
        "country": "China",
        "short_bio": "Luming Duan is the Yao Qizhi Chair Professor at Tsinghua University's Institute for Interdisciplinary Information Sciences (IIIS), an Academician of the Chinese Academy of Sciences (2023), and a Principal Investigator at the Shanghai Qi Zhi Institute.",
        "md_filename": "020-luming-duan.md"
      },
      "geometry": {
        "type": "Point",
        "coordinates": [
          116.4074,
          39.9042
        ]
      }
    },
    {
      "type": "Feature",
      "properties": {
        "id": "000-andy-ory",
        "name": "Andy Ory",
        "current_position": {},
        "platforms": [],
        "affiliations": [],
        "city": "Unknown",
        "country": "Unknown",
        "short_bio": "",
        "md_filename": "000-andy-ory.md"
      },
      "geometry": null
    },
    {
      "type": "Feature",
      "properties": {
        "id": "035-stefan-willitsch",
        "name": "Stefan Willitsch",
        "current_position": {
          "institution": "University of Basel",
          "since_year": 2008,
          "title": "Professor of Chemistry"
        },
        "platforms": [
          "trapped_ion"
        ],
        "affiliations": [],
        "city": "Basel",
        "country": "Switzerland",
        "short_bio": "Stefan Willitsch is a Professor of Chemistry at the University of Basel, where he leads a research group focused on trapped molecular ions, cold ion-molecule reactions, and quantum chemistry at ultracold temperatures. His group has made landmark contributions to controlling and probing chemical reactions at the quantum level using hybrid ion-atom traps.",
        "md_filename": "035-stefan-willitsch.md"
      },
      "geometry": {
        "type": "Point",
        "coordinates": [
          7.5886,
          47.5596
        ]
      }
    },
    {
      "type": "Feature",
      "properties": {
        "id": "000-keith-burnett",
        "name": "Keith Burnett",
        "current_position": {
          "institution": "Imperial College London",
          "title": ""
        },
        "platforms": [],
        "affiliations": [],
        "city": "London",
        "country": "United Kingdom",
        "short_bio": "",
        "md_filename": "000-keith-burnett.md"
      },
      "geometry": {
        "type": "Point",
        "coordinates": [
          -0.1749,
          51.4988
        ]
      }
    },
    {
      "type": "Feature",
      "properties": {
        "id": "065-luyan-sun",
        "name": "Luyan Sun",
        "current_position": {
          "institution": "Tsinghua University",
          "since_year": null,
          "title": "Professor"
        },
        "platforms": [
          "trapped_ion"
        ],
        "affiliations": [],
        "city": "Beijing",
        "country": "China",
        "short_bio": "Luyan Sun leads quantum information research at Tsinghua University focusing on hybrid quantum systems and trapped-ion quantum computing.",
        "md_filename": "065-luyan-sun.md"
      },
      "geometry": {
        "type": "Point",
        "coordinates": [
          116.4074,
          39.9042
        ]
      }
    },
    {
      "type": "Feature",
      "properties": {
        "id": "000-jos-ignacio-latorre",
        "name": "José Ignacio Latorre",
        "current_position": {},
        "platforms": [],
        "affiliations": [],
        "city": "Unknown",
        "country": "Unknown",
        "short_bio": "",
        "md_filename": "000-jos-ignacio-latorre.md"
      },
      "geometry": null
    },
    {
      "type": "Feature",
      "properties": {
        "id": "064-junki-kim",
        "name": "Junki Kim",
        "current_position": {
          "institution": "Sungkyunkwan University (SKKU)",
          "since_year": 2021,
          "title": "Assistant Professor"
        },
        "platforms": [
          "trapped_ion"
        ],
        "affiliations": [],
        "city": "Suwon",
        "country": "South Korea",
        "short_bio": "Junki Kim is an Assistant Professor at Sungkyunkwan University (SKKU), where he leads the Quantum Engineering with Trapped Ions (QuETI) lab. His research focuses on trapped-ion quantum computing and simulation with ytterbium and barium ions, particularly architecting scalable quantum computers with ion shuttling.",
        "md_filename": "064-junki-kim.md"
      },
      "geometry": {
        "type": "Point",
        "coordinates": [
          127.0286,
          37.2636
        ]
      }
    },
    {
      "type": "Feature",
      "properties": {
        "id": "019-michael-koehl",
        "name": "Michael Köhl",
        "current_position": {
          "institution": "University of Bonn",
          "since_year": null,
          "title": "Professor"
        },
        "platforms": [
          "trapped_ion"
        ],
        "affiliations": [],
        "city": "Bonn",
        "country": "Germany",
        "short_bio": "Michael Köhl is a professor at the University of Bonn leading research in experimental quantum physics with trapped ions and ultracold atomic gases. His group focuses on quantum communication nodes using trapped ytterbium ions coupled to optical cavities, developing quantum networks, and exploring quantum information processing with fiber-based systems.",
        "md_filename": "019-michael-koehl.md"
      },
      "geometry": {
        "type": "Point",
        "coordinates": [
          7.0982,
          50.7374
        ]
      }
    },
    {
      "type": "Feature",
      "properties": {
        "id": "034-manas-mukherjee",
        "name": "Manas Mukherjee",
        "current_position": {
          "institution": "Centre for Quantum Technologies, National University of Singapore",
          "since_year": null,
          "title": "Principal Investigator"
        },
        "platforms": [
          "trapped_ion"
        ],
        "affiliations": [],
        "city": "Singapore",
        "country": "Singapore",
        "short_bio": "Manas Mukherjee leads the Cold Ion Group at the Centre for Quantum Technologies (CQT) in Singapore. His research focuses on trapped-ion quantum computing, quantum simulation, and precision measurement with barium ions.",
        "md_filename": "034-manas-mukherjee.md"
      },
      "geometry": {
        "type": "Point",
        "coordinates": [
          103.8198,
          1.3521
        ]
      }
    },
    {
      "type": "Feature",
      "properties": {
        "id": "029-christof-wunderlich",
        "name": "Christof Wunderlich",
        "current_position": {
          "institution": "University of Siegen",
          "since_year": null,
          "title": "Professor"
        },
        "platforms": [
          "trapped_ion"
        ],
        "affiliations": [
          "eleQtron"
        ],
        "city": "Siegen",
        "country": "Germany",
        "short_bio": "Christof Wunderlich leads the Quantum Optics Research Group at the University of Siegen. His group is known for pioneering work on microwave-driven quantum logic with trapped ytterbium ions and magnetic gradient traps (MAGIC) for scalable quantum information processing. He is also a co-founder of the quantum computing startup eleQtron.",
        "md_filename": "029-christof-wunderlich.md"
      },
      "geometry": {
        "type": "Point",
        "coordinates": [
          8.0243,
          50.8748
        ]
      }
    },
    {
      "type": "Feature",
      "properties": {
        "id": "071-matthias-keller",
        "name": "Matthias Keller",
        "current_position": {
          "institution": "University of Sussex",
          "title": "Professor"
        },
        "platforms": [
          "trapped_ion"
        ],
        "affiliations": [],
        "city": "Brighton",
        "country": "United Kingdom",
        "short_bio": "Matthias Keller leads trapped-ion research at the University of Sussex focusing on ion-photon interfaces and cavity QED for quantum networks.",
        "md_filename": "071-matthias-keller.md"
      },
      "geometry": {
        "type": "Point",
        "coordinates": [
          -0.0875,
          50.8671
        ]
      }
    },
    {
      "type": "Feature",
      "properties": {
        "id": "000-alexander-pines",
        "name": "Alexander Pines",
        "current_position": {},
        "platforms": [],
        "affiliations": [],
        "city": "Unknown",
        "country": "Unknown",
        "short_bio": "",
        "md_filename": "000-alexander-pines.md"
      },
      "geometry": null
    },
    {
      "type": "Feature",
      "properties": {
        "id": "037-david-lucas",
        "name": "David M. Lucas",
        "current_position": {
          "institution": "University of Oxford",
          "since_year": null,
          "title": "Hooke Professor of Experimental Physics"
        },
        "platforms": [
          "trapped_ion"
        ],
        "affiliations": [],
        "city": "Oxford",
        "country": "United Kingdom",
        "short_bio": "David M. Lucas is the Hooke Professor of Experimental Physics at the University of Oxford, where he co-leads the Oxford Ion Trap Quantum Computing Group. The Oxford group is one of the world's leading centers for trapped-ion quantum computing, working with calcium and strontium ions on quantum error correction, high-fidelity quantum gates, and optical clocks.",
        "md_filename": "037-david-lucas.md"
      },
      "geometry": {
        "type": "Point",
        "coordinates": [
          -1.2577,
          51.752
        ]
      }
    },
    {
      "type": "Feature",
      "properties": {
        "id": "000-frederic-merkt",
        "name": "Frédéric Merkt",
        "current_position": {},
        "platforms": [],
        "affiliations": [],
        "city": "Unknown",
        "country": "Unknown",
        "short_bio": "",
        "md_filename": "000-frederic-merkt.md"
      },
      "geometry": null
    },
    {
      "type": "Feature",
      "properties": {
        "id": "000-dirk-englund",
        "name": "Dirk Englund",
        "current_position": {
          "institution": "Massachusetts Institute of Technology",
          "title": ""
        },
        "platforms": [],
        "affiliations": [],
        "city": "Cambridge",
        "country": "USA",
        "short_bio": "",
        "md_filename": "000-dirk-englund.md"
      },
      "geometry": {
        "type": "Point",
        "coordinates": [
          -71.0919,
          42.3597
        ]
      }
    },
    {
      "type": "Feature",
      "properties": {
        "id": "052-dan-stick",
        "name": "Dan Stick",
        "current_position": {
          "institution": "Sandia National Laboratories",
          "since_year": null,
          "title": "Distinguished Member of Technical Staff"
        },
        "platforms": [
          "trapped_ion"
        ],
        "affiliations": [],
        "city": "Albuquerque",
        "country": "United States",
        "short_bio": "Dan Stick leads the trapped ion trap fabrication and testing efforts at Sandia National Laboratories. His High Optical Access (HOA) surface traps are widely used in the community, and his research focuses on integrating optics and improving trap technologies for quantum computing.",
        "md_filename": "052-dan-stick.md"
      },
      "geometry": {
        "type": "Point",
        "coordinates": [
          -106.6504,
          35.0844
        ]
      }
    },
    {
      "type": "Feature",
      "properties": {
        "id": "007-dietrich-leibfried",
        "name": "Dietrich Leibfried",
        "current_position": {
          "institution": "National Institute of Standards and Technology (NIST), Boulder",
          "since_year": 2001,
          "title": "Staff Physicist / Co-Leader, Ion Storage Group (Quantum Information)"
        },
        "platforms": [
          "trapped_ion",
          "trapped_molecule"
        ],
        "affiliations": [],
        "city": "Boulder",
        "country": "United States",
        "short_bio": "Dietrich Leibfried is a leading experimental physicist in trapped-ion quantum information science at NIST (Boulder). He received his PhD (Dr. rer. nat., summa cum laude) from Ludwig-Maximilians-Universität München in 1995 under Theodor W. Hänsch, working on precision laser spectroscopy of hydrogen at the Max Planck Institute for Quantum Optics.",
        "md_filename": "007-dietrich-leibfried.md"
      },
      "geometry": {
        "type": "Point",
        "coordinates": [
          -105.2629,
          40.0094
        ]
      }
    },
    {
      "type": "Feature",
      "properties": {
        "id": "000-gerhard-rempe",
        "name": "Gerhard Rempe",
        "current_position": {
          "institution": "Technical University of Munich",
          "title": ""
        },
        "platforms": [],
        "affiliations": [],
        "city": "Unknown",
        "country": "Unknown",
        "short_bio": "",
        "md_filename": "000-gerhard-rempe.md"
      },
      "geometry": null
    },
    {
      "type": "Feature",
      "properties": {
        "id": "022-rajibul-islam",
        "name": "K. Rajibul Islam",
        "current_position": {
          "institution": "Institute for Quantum Computing, University of Waterloo",
          "since_year": null,
          "title": "Associate Professor"
        },
        "platforms": [
          "trapped_ion"
        ],
        "affiliations": [
          "Open Quantum Design"
        ],
        "city": "Waterloo",
        "country": "Canada",
        "short_bio": "K. Rajibul Islam is an Associate Professor at the Institute for Quantum Computing (IQC) and the Department of Physics and Astronomy at the University of Waterloo. His research focuses on experimental quantum many-body physics, particularly the quantum simulation of frustrated spin models with trapped ions. He leads the Laboratory for Quantum Information with Trapped Ions (QITI), which is developing \"QuantumIon\", a multi-user, open-access trapped-ion quantum computer. He also co-founded Open Quantum Design, a non-profit foundation developing open-source, full-stack trapped-ion quantum computing blueprints.",
        "md_filename": "022-rajibul-islam.md"
      },
      "geometry": {
        "type": "Point",
        "coordinates": [
          -80.5204,
          43.4643
        ]
      }
    },
    {
      "type": "Feature",
      "properties": {
        "id": "009-hartmut-haeffner",
        "name": "Hartmut Häffner",
        "current_position": {
          "institution": "University of California, Berkeley",
          "since_year": 2009,
          "title": "Professor of Physics"
        },
        "platforms": [
          "trapped_ion"
        ],
        "affiliations": [
          "Lawrence Berkeley National Laboratory"
        ],
        "city": "Berkeley",
        "country": "United States",
        "short_bio": "Hartmut Häffner is a professor of physics at UC Berkeley and affiliated with Lawrence Berkeley National Laboratory, leading The Ion Trap Group focused on trapped-ion quantum science.",
        "md_filename": "009-hartmut-haeffner.md"
      },
      "geometry": {
        "type": "Point",
        "coordinates": [
          -122.2585,
          37.8719
        ]
      }
    },
    {
      "type": "Feature",
      "properties": {
        "id": "041-isaac-chuang",
        "name": "Isaac L. Chuang",
        "current_position": {
          "institution": "Massachusetts Institute of Technology",
          "since_year": 2000,
          "title": "Professor of Physics and Electrical Engineering; Senior Associate Dean of Digital Learning"
        },
        "platforms": [
          "trapped_ion"
        ],
        "affiliations": [],
        "city": "Cambridge",
        "country": "United States",
        "short_bio": "Isaac L. Chuang is a Professor of Physics and Professor of Electrical Engineering at MIT, where he leads the Quanta Group within the Center for Ultracold Atoms. He also serves as the Senior Associate Dean of Digital Learning.",
        "md_filename": "041-isaac-chuang.md"
      },
      "geometry": {
        "type": "Point",
        "coordinates": [
          -71.0942,
          42.3601
        ]
      }
    },
    {
      "type": "Feature",
      "properties": {
        "id": "073-david-hume",
        "name": "David Hume",
        "current_position": {
          "institution": "National Institute of Standards and Technology (NIST), Boulder",
          "since_year": null,
          "title": "Physicist"
        },
        "platforms": [
          "trapped_ion"
        ],
        "affiliations": [],
        "city": "Boulder",
        "country": "United States",
        "short_bio": "David Hume leads the Aluminum Ion Clock project at NIST Boulder, developing the world's most precise optical atomic clocks using quantum logic spectroscopy.",
        "md_filename": "073-david-hume.md"
      },
      "geometry": {
        "type": "Point",
        "coordinates": [
          -105.2705,
          40.015
        ]
      }
    },
    {
      "type": "Feature",
      "properties": {
        "id": "024-paul-haljan",
        "name": "Paul Haljan",
        "current_position": {
          "institution": "Simon Fraser University",
          "since_year": null,
          "title": "Associate Professor"
        },
        "platforms": [
          "trapped_ion"
        ],
        "affiliations": [],
        "city": "Burnaby",
        "country": "Canada",
        "short_bio": "Paul Haljan is an Associate Professor of Physics at Simon Fraser University, where he leads the Trapped Ion Quantum Technology Lab. His research focuses on trapped-ion quantum technologies, including scalable quantum computing with cadmium and ytterbium ions, microstructure development for ion trap designs, and high-fidelity entanglement operations.",
        "md_filename": "024-paul-haljan.md"
      },
      "geometry": {
        "type": "Point",
        "coordinates": [
          -122.9199,
          49.2781
        ]
      }
    },
    {
      "type": "Feature",
      "properties": {
        "id": "000-timothy-p-softley",
        "name": "Timothy P. Softley",
        "current_position": {},
        "platforms": [],
        "affiliations": [],
        "city": "Unknown",
        "country": "Unknown",
        "short_bio": "",
        "md_filename": "000-timothy-p-softley.md"
      },
      "geometry": null
    },
    {
      "type": "Feature",
      "properties": {
        "id": "000-eric-a-cornell",
        "name": "Eric A. Cornell",
        "current_position": {},
        "platforms": [],
        "affiliations": [],
        "city": "Unknown",
        "country": "Unknown",
        "short_bio": "",
        "md_filename": "000-eric-a-cornell.md"
      },
      "geometry": null
    },
    {
      "type": "Feature",
      "properties": {
        "id": "000-wonho-jhe",
        "name": "Wonho Jhe",
        "current_position": {},
        "platforms": [],
        "affiliations": [],
        "city": "Unknown",
        "country": "Unknown",
        "short_bio": "",
        "md_filename": "000-wonho-jhe.md"
      },
      "geometry": null
    },
    {
      "type": "Feature",
      "properties": {
        "id": "000-prof-barak-dayan",
        "name": "Barak Dayan",
        "current_position": {},
        "platforms": [],
        "affiliations": [],
        "city": "Unknown",
        "country": "Unknown",
        "short_bio": "",
        "md_filename": "000-prof-barak-dayan.md"
      },
      "geometry": null
    },
    {
      "type": "Feature",
      "properties": {
        "id": "000-edvardas-narevicius",
        "name": "Edvardas Narevicius",
        "current_position": {},
        "platforms": [],
        "affiliations": [],
        "city": "Unknown",
        "country": "Unknown",
        "short_bio": "",
        "md_filename": "000-edvardas-narevicius.md"
      },
      "geometry": null
    },
    {
      "type": "Feature",
      "properties": {
        "id": "000-netanel-lindner",
        "name": "Netanel Lindner",
        "current_position": {},
        "platforms": [],
        "affiliations": [],
        "city": "Unknown",
        "country": "Unknown",
        "short_bio": "",
        "md_filename": "000-netanel-lindner.md"
      },
      "geometry": null
    },
    {
      "type": "Feature",
      "properties": {
        "id": "002-ziv-meir",
        "name": "Ziv Meir",
        "current_position": {
          "institution": "Weizmann Institute of Science",
          "title": "Principal Investigator (Senior Scientist)"
        },
        "platforms": [
          "trapped_ion",
          "trapped_molecule",
          "cavity_qed_hybrid"
        ],
        "affiliations": [],
        "city": "Rehovot",
        "country": "Israel",
        "short_bio": "Dr. Ziv Meir is an experimental physicist and principal investigator at the Weizmann Institute of Science. His research develops quantum-logic techniques originally created for trapped-ion quantum computing and optical clocks to control, detect, and manipulate single trapped molecular ions, enabling molecular qubits and new precision spectroscopy capabilities.",
        "md_filename": "002-ziv-meir.md"
      },
      "geometry": {
        "type": "Point",
        "coordinates": [
          34.8106,
          31.9066
        ]
      }
    },
    {
      "type": "Feature",
      "properties": {
        "id": "028-juergen-eschner",
        "name": "Jürgen Eschner",
        "current_position": {
          "institution": "Saarland University",
          "since_year": 2009,
          "title": "Professor"
        },
        "platforms": [
          "trapped_ion",
          "neutral_atom"
        ],
        "affiliations": [],
        "city": "Saarbrücken",
        "country": "Germany",
        "short_bio": "Jürgen Eschner leads the Quantum Photonics Group at Saarland University, where the research program is dedicated to the controlled interaction between light and matter in the quantum mechanical regime. The main objective of his group’s work is to study and experimentally realize the transformation between quantum states of individual photons and individual atoms/ions, employing high-finesse optical resonators, single trapped particles, and entangled photon pairs.",
        "md_filename": "028-juergen-eschner.md"
      },
      "geometry": {
        "type": "Point",
        "coordinates": [
          6.9969,
          49.2401
        ]
      }
    },
    {
      "type": "Feature",
      "properties": {
        "id": "005-christian-roos",
        "name": "Christian F. Roos",
        "current_position": {
          "institution": "University of Innsbruck",
          "title": "Senior Scientist"
        },
        "platforms": [
          "trapped_ion"
        ],
        "affiliations": [],
        "city": "Innsbruck",
        "country": "Austria",
        "short_bio": "Dr. Christian F. Roos is an experimental physicist working on trapped-ion quantum science, including quantum simulation and precision spectroscopy. He is affiliated with IQOQI Innsbruck (Austrian Academy of Sciences) and the University of Innsbruck.",
        "md_filename": "005-christian-roos.md"
      },
      "geometry": {
        "type": "Point",
        "coordinates": [
          11.3444,
          47.2657
        ]
      }
    },
    {
      "type": "Feature",
      "properties": {
        "id": "000-anton-zeilinger",
        "name": "Anton Zeilinger",
        "current_position": {
          "institution": "Massachusetts Institute of Technology",
          "title": ""
        },
        "platforms": [],
        "affiliations": [],
        "city": "Cambridge",
        "country": "USA",
        "short_bio": "",
        "md_filename": "000-anton-zeilinger.md"
      },
      "geometry": {
        "type": "Point",
        "coordinates": [
          -71.0919,
          42.3597
        ]
      }
    },
    {
      "type": "Feature",
      "properties": {
        "id": "000-david-kielpinski",
        "name": "David Kielpinski",
        "current_position": {},
        "platforms": [],
        "affiliations": [],
        "city": "Unknown",
        "country": "Unknown",
        "short_bio": "",
        "md_filename": "000-david-kielpinski.md"
      },
      "geometry": null
    },
    {
      "type": "Feature",
      "properties": {
        "id": "000-amir-naveh",
        "name": "Amir Naveh",
        "current_position": {},
        "platforms": [],
        "affiliations": [],
        "city": "Unknown",
        "country": "Unknown",
        "short_bio": "",
        "md_filename": "000-amir-naveh.md"
      },
      "geometry": null
    },
    {
      "type": "Feature",
      "properties": {
        "id": "000-juan-pablo-paz",
        "name": "Juan Pablo Paz",
        "current_position": {},
        "platforms": [],
        "affiliations": [],
        "city": "Unknown",
        "country": "Unknown",
        "short_bio": "",
        "md_filename": "000-juan-pablo-paz.md"
      },
      "geometry": null
    },
    {
      "type": "Feature",
      "properties": {
        "id": "000-nir-minerbi",
        "name": "Nir Minerbi",
        "current_position": {},
        "platforms": [],
        "affiliations": [],
        "city": "Unknown",
        "country": "Unknown",
        "short_bio": "",
        "md_filename": "000-nir-minerbi.md"
      },
      "geometry": null
    },
    {
      "type": "Feature",
      "properties": {
        "id": "000-uri-almedon",
        "name": "Uri Almedon",
        "current_position": {},
        "platforms": [],
        "affiliations": [],
        "city": "Unknown",
        "country": "Unknown",
        "short_bio": "",
        "md_filename": "000-uri-almedon.md"
      },
      "geometry": null
    },
    {
      "type": "Feature",
      "properties": {
        "id": "000-asif-sinay",
        "name": "Asif Sinay",
        "current_position": {},
        "platforms": [],
        "affiliations": [],
        "city": "Unknown",
        "country": "Unknown",
        "short_bio": "",
        "md_filename": "000-asif-sinay.md"
      },
      "geometry": null
    },
    {
      "type": "Feature",
      "properties": {
        "id": "042-kenneth-brown",
        "name": "Kenneth R. Brown",
        "current_position": {
          "institution": "Duke University",
          "since_year": null,
          "title": "Michael J. Fitzpatrick Distinguished Professor of Engineering; Director of the Duke Quantum Center"
        },
        "platforms": [
          "trapped_ion"
        ],
        "affiliations": [
          "IonQ"
        ],
        "city": "Durham",
        "country": "United States",
        "short_bio": "Kenneth R. Brown is the Michael J. Fitzpatrick Distinguished Professor of Engineering at Duke University and the Director of the Duke Quantum Center. He holds appointments in the Departments of Electrical and Computer Engineering, Physics, and Chemistry.",
        "md_filename": "042-kenneth-brown.md"
      },
      "geometry": {
        "type": "Point",
        "coordinates": [
          -78.9382,
          36.0014
        ]
      }
    },
    {
      "type": "Feature",
      "properties": {
        "id": "012-winfried-hensinger",
        "name": "Winfried K. Hensinger",
        "current_position": {
          "institution": "University of Sussex",
          "since_year": null,
          "title": "Professor of Quantum Technologies; Director, Sussex Centre for Quantum Technologies"
        },
        "platforms": [
          "trapped_ion"
        ],
        "affiliations": [
          "Universal Quantum"
        ],
        "city": "Brighton",
        "country": "United Kingdom",
        "short_bio": "Winfried K. Hensinger is a Professor of Quantum Technologies at the University of Sussex, where he leads the Sussex Ion Quantum Technology Group and directs the Sussex Centre for Quantum Technologies. He is also the Co-founder, Chief Scientist, and Chairman of Universal Quantum, a full-stack quantum computing company spun out of his lab in 2018.",
        "md_filename": "012-winfried-hensinger.md"
      },
      "geometry": {
        "type": "Point",
        "coordinates": [
          -0.0878,
          50.8674
        ]
      }
    },
    {
      "type": "Feature",
      "properties": {
        "id": "000-shinji-urabe",
        "name": "Shinji Urabe",
        "current_position": {},
        "platforms": [],
        "affiliations": [],
        "city": "Unknown",
        "country": "Unknown",
        "short_bio": "",
        "md_filename": "000-shinji-urabe.md"
      },
      "geometry": null
    },
    {
      "type": "Feature",
      "properties": {
        "id": "026-erik-streed",
        "name": "Erik W. Streed",
        "current_position": {
          "institution": "Griffith University",
          "since_year": null,
          "title": "Associate Professor; Director, Queensland Quantum and Advanced Technologies Research Institute"
        },
        "platforms": [
          "trapped_ion"
        ],
        "affiliations": [],
        "city": "Gold Coast",
        "country": "Australia",
        "short_bio": "Erik W. Streed is an Associate Professor at Griffith University and Director of the Queensland Quantum and Advanced Technologies Research Institute. His research uniquely bridges quantum physics and biology, applying trapped-ion techniques to biomolecular dynamics, advanced single-atom imaging, and quantum computing.",
        "md_filename": "026-erik-streed.md"
      },
      "geometry": {
        "type": "Point",
        "coordinates": [
          153.4,
          -28.0167
        ]
      }
    },
    {
      "type": "Feature",
      "properties": {
        "id": "058-atsushi-noguchi",
        "name": "Atsushi Noguchi",
        "current_position": {
          "institution": "University of Tokyo",
          "since_year": null,
          "title": "Associate Professor"
        },
        "platforms": [
          "trapped_ion"
        ],
        "affiliations": [],
        "city": "Tokyo",
        "country": "Japan",
        "short_bio": "Atsushi Noguchi is an Associate Professor at the University of Tokyo, where he leads research on hybrid quantum systems combining trapped ions (specifically beryllium) with superconducting circuits.",
        "md_filename": "058-atsushi-noguchi.md"
      },
      "geometry": {
        "type": "Point",
        "coordinates": [
          139.6503,
          35.6762
        ]
      }
    },
    {
      "type": "Feature",
      "properties": {
        "id": "000-alon-cohen",
        "name": "Alon Cohen",
        "current_position": {},
        "platforms": [],
        "affiliations": [],
        "city": "Unknown",
        "country": "Unknown",
        "short_bio": "",
        "md_filename": "000-alon-cohen.md"
      },
      "geometry": null
    },
    {
      "type": "Feature",
      "properties": {
        "id": "040-vladan-vuletic",
        "name": "Vladan Vuletić",
        "current_position": {
          "institution": "Massachusetts Institute of Technology",
          "since_year": 2011,
          "title": "Lester Wolfe Professor of Physics"
        },
        "platforms": [
          "neutral_atom"
        ],
        "affiliations": [
          "QuEra Computing Inc."
        ],
        "city": "Cambridge",
        "country": "United States",
        "short_bio": "Vladan Vuletić is the Lester Wolfe Professor of Physics at the Massachusetts Institute of Technology (MIT). His experimental research focuses on ultracold atoms, quantum optics, many-body quantum entanglement, cavity QED, and quantum information processing. While primarily known for his pioneering work with neutral atoms, he has also made significant contributions to trapped-ion cavity QED interfaces.",
        "md_filename": "040-vladan-vuletic.md"
      },
      "geometry": {
        "type": "Point",
        "coordinates": [
          -71.0942,
          42.3601
        ]
      }
    },
    {
      "type": "Feature",
      "properties": {
        "id": "001-roee-ozeri",
        "name": "Roee Ozeri",
        "current_position": {
          "institution": "Weizmann Institute of Science",
          "since_year": null,
          "title": "Professor of Physics"
        },
        "platforms": [
          "trapped_ion",
          "neutral_atom"
        ],
        "affiliations": [
          "Quantum Art"
        ],
        "city": "Rehovot",
        "country": "Israel",
        "short_bio": "Prof. Roee Ozeri is an experimental physicist working in atomic physics and quantum information science. He earned a BSc in Physics from the Hebrew University of Jerusalem and completed his MSc and PhD in Physics at the Weizmann Institute of Science under Prof. Nir Davidson, focusing on optical manipulation of atomic clouds.",
        "md_filename": "001-roee-ozeri.md"
      },
      "geometry": {
        "type": "Point",
        "coordinates": [
          34.8106,
          31.9066
        ]
      }
    },
    {
      "type": "Feature",
      "properties": {
        "id": "032-murray-barrett",
        "name": "Murray D. Barrett",
        "current_position": {
          "institution": "Centre for Quantum Technologies, National University of Singapore",
          "since_year": null,
          "title": "Principal Investigator"
        },
        "platforms": [
          "trapped_ion"
        ],
        "affiliations": [],
        "city": "Singapore",
        "country": "Singapore",
        "short_bio": "Murray D. Barrett is a Principal Investigator at the Centre for Quantum Technologies (CQT) at the National University of Singapore, where he leads the Microtraps Group. His research focuses on developing microfabricated ion traps for scalable quantum computing and quantum networking with barium and lutetium ions.",
        "md_filename": "032-murray-barrett.md"
      },
      "geometry": {
        "type": "Point",
        "coordinates": [
          103.8198,
          1.3521
        ]
      }
    },
    {
      "type": "Feature",
      "properties": {
        "id": "000-hans-dehmelt",
        "name": "Hans Dehmelt",
        "current_position": {},
        "platforms": [],
        "affiliations": [],
        "city": "Unknown",
        "country": "Unknown",
        "short_bio": "",
        "md_filename": "000-hans-dehmelt.md"
      },
      "geometry": null
    },
    {
      "type": "Feature",
      "properties": {
        "id": "059-shuichi-hasegawa",
        "name": "Shuichi Hasegawa",
        "current_position": {
          "institution": "University of Tokyo",
          "since_year": null,
          "title": "Professor"
        },
        "platforms": [
          "trapped_ion"
        ],
        "affiliations": [],
        "city": "Tokyo",
        "country": "Japan",
        "short_bio": "Shuichi Hasegawa leads trapped-ion research at the University of Tokyo focusing on laser cooling and quantum control with calcium ions.",
        "md_filename": "059-shuichi-hasegawa.md"
      },
      "geometry": {
        "type": "Point",
        "coordinates": [
          139.6503,
          35.6762
        ]
      }
    },
    {
      "type": "Feature",
      "properties": {
        "id": "000-david-demille",
        "name": "David DeMille",
        "current_position": {
          "institution": "Johns Hopkins University",
          "title": ""
        },
        "platforms": [],
        "affiliations": [],
        "city": "Unknown",
        "country": "Unknown",
        "short_bio": "",
        "md_filename": "000-david-demille.md"
      },
      "geometry": null
    },
    {
      "type": "Feature",
      "properties": {
        "id": "045-kazuhiro-hayasaka",
        "name": "Kazuhiro Hayasaka",
        "current_position": {
          "institution": "National Institute of Information and Communications Technology (NICT)",
          "since_year": null,
          "title": "Group Leader"
        },
        "platforms": [
          "trapped_ion"
        ],
        "affiliations": [],
        "city": "Koganei",
        "country": "Japan",
        "short_bio": "Kazuhiro Hayasaka leads the Space-Time Standards Laboratory at NICT in Kobe, Japan. His research focuses on developing high-precision optical clocks using trapped indium and calcium ions for frequency standards and metrology. He was also a co-author on early seminal work demonstrating continuous single-photon generation in an ion-trap cavity system.",
        "md_filename": "045-kazuhiro-hayasaka.md"
      },
      "geometry": {
        "type": "Point",
        "coordinates": [
          139.4895,
          35.7107
        ]
      }
    },
    {
      "type": "Feature",
      "properties": {
        "id": "023-crystal-senko",
        "name": "Crystal Senko",
        "current_position": {
          "institution": "Institute for Quantum Computing, University of Waterloo",
          "since_year": null,
          "title": "Associate Professor / Canada Research Chair in Trapped Ion Quantum Computing"
        },
        "platforms": [
          "trapped_ion"
        ],
        "affiliations": [
          "Open Quantum Design"
        ],
        "city": "Waterloo",
        "country": "Canada",
        "short_bio": "Crystal Senko is an Associate Professor at the Institute for Quantum Computing (IQC) at the University of Waterloo, and the Canada Research Chair in Trapped Ion Quantum Computing. Her research focuses on trapped-ion quantum simulation and computing, particularly utilizing multi-level qudits in barium ions. She co-founded Open Quantum Design to create the world's first open-source, full-stack trapped-ion quantum computer.",
        "md_filename": "023-crystal-senko.md"
      },
      "geometry": {
        "type": "Point",
        "coordinates": [
          -80.5204,
          43.4643
        ]
      }
    },
    {
      "type": "Feature",
      "properties": {
        "id": "049-patrick-gill",
        "name": "Patrick Gill",
        "current_position": {
          "institution": "National Physical Laboratory (NPL)",
          "since_year": null,
          "title": "Senior NPL Fellow"
        },
        "platforms": [
          "trapped_ion"
        ],
        "affiliations": [],
        "city": "Teddington",
        "country": "United Kingdom",
        "short_bio": "Patrick Gill is a Senior NPL Fellow and Fellow of the Royal Society, specializing in optical frequency standards and trapped-ion optical clocks at the National Physical Laboratory (NPL) in the UK. He is a world-leading pioneer in high-precision metrology, particularly using strontium and ytterbium ions. His landmark 2004 Science paper achieved hertz-level measurements of the optical clock frequency in a single 88Sr+ ion.",
        "md_filename": "049-patrick-gill.md"
      },
      "geometry": {
        "type": "Point",
        "coordinates": [
          -0.3429,
          51.4275
        ]
      }
    },
    {
      "type": "Feature",
      "properties": {
        "id": "033-dzmitry-matsukevich",
        "name": "Dzmitry Matsukevich",
        "current_position": {
          "institution": "Centre for Quantum Technologies, National University of Singapore",
          "since_year": null,
          "title": "Principal Investigator"
        },
        "platforms": [
          "trapped_ion"
        ],
        "affiliations": [],
        "city": "Singapore",
        "country": "Singapore",
        "short_bio": "Dzmitry Matsukevich is a Principal Investigator at the Centre for Quantum Technologies (CQT) at the National University of Singapore. His group focuses on trapped ion quantum information processing, quantum thermodynamics, and utilizing trapped molecular ions (such as SiO+) for quantum networking and precision measurements.",
        "md_filename": "033-dzmitry-matsukevich.md"
      },
      "geometry": {
        "type": "Point",
        "coordinates": [
          103.8198,
          1.3521
        ]
      }
    },
    {
      "type": "Feature",
      "properties": {
        "id": "000-peter-zoller",
        "name": "Peter Zoller",
        "current_position": {},
        "platforms": [],
        "affiliations": [],
        "city": "Unknown",
        "country": "Unknown",
        "short_bio": "",
        "md_filename": "000-peter-zoller.md"
      },
      "geometry": null
    },
    {
      "type": "Feature",
      "properties": {
        "id": "000-andrew-white",
        "name": "Andrew White",
        "current_position": {},
        "platforms": [],
        "affiliations": [],
        "city": "Unknown",
        "country": "Unknown",
        "short_bio": "",
        "md_filename": "000-andrew-white.md"
      },
      "geometry": null
    },
    {
      "type": "Feature",
      "properties": {
        "id": "000-dr-yonatan-cohen",
        "name": "Yonatan Cohen",
        "current_position": {},
        "platforms": [],
        "affiliations": [],
        "city": "Unknown",
        "country": "Unknown",
        "short_bio": "",
        "md_filename": "000-dr-yonatan-cohen.md"
      },
      "geometry": null
    },
    {
      "type": "Feature",
      "properties": {
        "id": "000-arthur-pipkin",
        "name": "Arthur Pipkin",
        "current_position": {},
        "platforms": [],
        "affiliations": [],
        "city": "Unknown",
        "country": "Unknown",
        "short_bio": "",
        "md_filename": "000-arthur-pipkin.md"
      },
      "geometry": null
    },
    {
      "type": "Feature",
      "properties": {
        "id": "017-rainer-blatt",
        "name": "Rainer Blatt",
        "current_position": {
          "institution": "Institute for Quantum Optics and Quantum Information (IQOQI) Innsbruck",
          "since_year": null,
          "title": "Emeritus Research Director"
        },
        "platforms": [
          "trapped_ion"
        ],
        "affiliations": [
          "Alpine Quantum Technologies (AQT)"
        ],
        "city": "Innsbruck",
        "country": "Austria",
        "short_bio": "Rainer Blatt is an experimental physicist who helped establish **trapped ions** as a leading platform for **quantum information processing**, **quantum simulation**, and **precision measurement**. He is a Professor at the University of Innsbruck and an Emeritus Research Director at IQOQI Innsbruck (ÖAW), and he is a co-founder of Alpine Quantum Technologies (AQT), a trapped-ion quantum computing company spun out from his research at Innsbruck.",
        "md_filename": "017-rainer-blatt.md"
      },
      "geometry": {
        "type": "Point",
        "coordinates": [
          11.3836639,
          47.2578333
        ]
      }
    },
    {
      "type": "Feature",
      "properties": {
        "id": "000-mikhail-lukin",
        "name": "Mikhail Lukin",
        "current_position": {
          "institution": "Harvard University",
          "title": ""
        },
        "platforms": [],
        "affiliations": [],
        "city": "Unknown",
        "country": "Unknown",
        "short_bio": "",
        "md_filename": "000-mikhail-lukin.md"
      },
      "geometry": {
        "type": "Point",
        "coordinates": [
          -71.121891,
          42.375395
        ]
      }
    },
    {
      "type": "Feature",
      "properties": {
        "id": "031-jeroen-koelemeij",
        "name": "Jeroen C. J. Koelemeij",
        "current_position": {
          "institution": "VU Amsterdam",
          "since_year": null,
          "title": "Associate Professor"
        },
        "platforms": [
          "trapped_ion"
        ],
        "affiliations": [],
        "city": "Amsterdam",
        "country": "Netherlands",
        "short_bio": "Jeroen C. J. Koelemeij leads the HD+ spectroscopy team at VU Amsterdam. His research focuses on precision spectroscopy of molecular hydrogen ions (HD+) for tests of fundamental physics and determination of fundamental constants.",
        "md_filename": "031-jeroen-koelemeij.md"
      },
      "geometry": {
        "type": "Point",
        "coordinates": [
          4.9041,
          52.3676
        ]
      }
    },
    {
      "type": "Feature",
      "properties": {
        "id": "013-ferdinand-schmidt-kaler",
        "name": "Ferdinand Schmidt-Kaler",
        "current_position": {
          "institution": "Johannes Gutenberg University Mainz",
          "since_year": 2010,
          "title": "Full Professor (W3) of Experimental Physics"
        },
        "platforms": [
          "trapped_ion"
        ],
        "affiliations": [
          "Helmholtz Institute Mainz"
        ],
        "city": "Mainz",
        "country": "Germany",
        "short_bio": "Ferdinand Schmidt-Kaler is a Full Professor of Experimental Physics at Johannes Gutenberg University Mainz, where he leads the \"Quantenbit AG\" research group, and is a member of the Helmholtz Institute Mainz.",
        "md_filename": "013-ferdinand-schmidt-kaler.md"
      },
      "geometry": {
        "type": "Point",
        "coordinates": [
          8.2473,
          49.9929
        ]
      }
    },
    {
      "type": "Feature",
      "properties": {
        "id": "000-dr-itamar-sivan",
        "name": "Itamar Sivan",
        "current_position": {},
        "platforms": [],
        "affiliations": [],
        "city": "Unknown",
        "country": "Unknown",
        "short_bio": "",
        "md_filename": "000-dr-itamar-sivan.md"
      },
      "geometry": null
    },
    {
      "type": "Feature",
      "properties": {
        "id": "000-gil-semo",
        "name": "Gil Semo",
        "current_position": {},
        "platforms": [],
        "affiliations": [],
        "city": "Unknown",
        "country": "Unknown",
        "short_bio": "",
        "md_filename": "000-gil-semo.md"
      },
      "geometry": null
    },
    {
      "type": "Feature",
      "properties": {
        "id": "078-yuval-shagam",
        "name": "Yuval Shagam",
        "current_position": {
          "institution": "Technion – Israel Institute of Technology",
          "since_year": 2020,
          "title": "Assistant Professor"
        },
        "platforms": [
          "trapped_ion"
        ],
        "affiliations": [],
        "city": "Haifa",
        "country": "Israel",
        "short_bio": "Prof. Yuval Shagam is an experimental physicist and Assistant Professor at the Technion – Israel Institute of Technology, where he leads the **Molecular Quantum Technology Lab**. His research centers on **precision molecular ion trapping**, **quantum control of molecular systems**, cold quantum chemistry, and **precision spectroscopy** for tests of fundamental symmetry (such as parity violation) and searches for physics beyond the Standard Model.",
        "md_filename": "078-yuval-shagam.md"
      },
      "geometry": {
        "type": "Point",
        "coordinates": [
          34.9896,
          32.794
        ]
      }
    },
    {
      "type": "Feature",
      "properties": {
        "id": "000-wolfgang-ketterle",
        "name": "Wolfgang Ketterle",
        "current_position": {
          "institution": "Massachusetts Institute of Technology",
          "title": ""
        },
        "platforms": [],
        "affiliations": [],
        "city": "Cambridge",
        "country": "USA",
        "short_bio": "",
        "md_filename": "000-wolfgang-ketterle.md"
      },
      "geometry": {
        "type": "Point",
        "coordinates": [
          -71.0919,
          42.3597
        ]
      }
    },
    {
      "type": "Feature",
      "properties": {
        "id": "000-jorg-schmiedmayer",
        "name": "Jörg Schmiedmayer",
        "current_position": {},
        "platforms": [],
        "affiliations": [],
        "city": "Unknown",
        "country": "Unknown",
        "short_bio": "",
        "md_filename": "000-jorg-schmiedmayer.md"
      },
      "geometry": null
    },
    {
      "type": "Feature",
      "properties": {
        "id": "000-ofer-firstenberg",
        "name": "Ofer Firstenberg",
        "current_position": {},
        "platforms": [],
        "affiliations": [],
        "city": "Unknown",
        "country": "Unknown",
        "short_bio": "",
        "md_filename": "000-ofer-firstenberg.md"
      },
      "geometry": null
    },
    {
      "type": "Feature",
      "properties": {
        "id": "066-wenhui-li",
        "name": "Wenhui Li",
        "current_position": {
          "institution": "Peking University",
          "since_year": null,
          "title": "Professor"
        },
        "platforms": [
          "trapped_ion"
        ],
        "affiliations": [],
        "city": "Beijing",
        "country": "China",
        "short_bio": "Wenhui Li is a Professor at Peking University, where she leads research on trapped ions and Rydberg atoms for quantum simulation and computing. Her research bridges two major platforms — cold Rydberg atomic ensembles and trapped-ion crystals — exploring their applications in quantum simulation.",
        "md_filename": "066-wenhui-li.md"
      },
      "geometry": {
        "type": "Point",
        "coordinates": [
          116.4074,
          39.9042
        ]
      }
    },
    {
      "type": "Feature",
      "properties": {
        "id": "044-johannes-hecker-denschlag",
        "name": "Johannes Hecker Denschlag",
        "current_position": {
          "institution": "Ulm University",
          "since_year": 2003,
          "title": "Professor; Head of the Institute of Quantum Matter"
        },
        "platforms": [
          "trapped_ion",
          "neutral_atom"
        ],
        "affiliations": [],
        "city": "Ulm",
        "country": "Germany",
        "short_bio": "Johannes Hecker Denschlag is a Professor of Physics and Head of the Institute of Quantum Matter at Ulm University. His group investigates ultracold quantum gases and pioneering hybrid systems of trapped ions immersed in neutral atom clouds, focusing on cold ion-atom collisions and quantum chemistry.",
        "md_filename": "044-johannes-hecker-denschlag.md"
      },
      "geometry": {
        "type": "Point",
        "coordinates": [
          9.9876,
          48.4011
        ]
      }
    },
    {
      "type": "Feature",
      "properties": {
        "id": "000-herbert-walther",
        "name": "Herbert Walther",
        "current_position": {},
        "platforms": [],
        "affiliations": [],
        "city": "Unknown",
        "country": "Unknown",
        "short_bio": "",
        "md_filename": "000-herbert-walther.md"
      },
      "geometry": null
    },
    {
      "type": "Feature",
      "properties": {
        "id": "062-dan-cho",
        "name": "Dan Cho",
        "current_position": {
          "institution": "Seoul National University",
          "since_year": null,
          "title": "Professor"
        },
        "platforms": [
          "trapped_ion"
        ],
        "affiliations": [],
        "city": "Seoul",
        "country": "South Korea",
        "short_bio": "Dong-il \"Dan\" Cho is a Professor at Seoul National University. His research group focuses on the engineering and microfabrication aspects of ion traps, specializing in MEMS technology to create scalable surface-electrode traps for quantum information processing with ytterbium ions.",
        "md_filename": "062-dan-cho.md"
      },
      "geometry": {
        "type": "Point",
        "coordinates": [
          126.978,
          37.5665
        ]
      }
    },
    {
      "type": "Feature",
      "properties": {
        "id": "000-roman-vercetti",
        "name": "Roman Vercetti",
        "current_position": {},
        "platforms": [],
        "affiliations": [],
        "city": "Unknown",
        "country": "Unknown",
        "short_bio": "",
        "md_filename": "000-roman-vercetti.md"
      },
      "geometry": null
    },
    {
      "type": "Feature",
      "properties": {
        "id": "000-aharon-kapitulnik",
        "name": "Aharon Kapitulnik",
        "current_position": {},
        "platforms": [],
        "affiliations": [],
        "city": "Unknown",
        "country": "Unknown",
        "short_bio": "",
        "md_filename": "000-aharon-kapitulnik.md"
      },
      "geometry": null
    },
    {
      "type": "Feature",
      "properties": {
        "id": "000-k-birgitta-whaley",
        "name": "K. Birgitta Whaley",
        "current_position": {},
        "platforms": [],
        "affiliations": [],
        "city": "Unknown",
        "country": "Unknown",
        "short_bio": "",
        "md_filename": "000-k-birgitta-whaley.md"
      },
      "geometry": null
    },
    {
      "type": "Feature",
      "properties": {
        "id": "000-oskar-painter",
        "name": "Oskar Painter",
        "current_position": {},
        "platforms": [],
        "affiliations": [],
        "city": "Unknown",
        "country": "Unknown",
        "short_bio": "",
        "md_filename": "000-oskar-painter.md"
      },
      "geometry": null
    },
    {
      "type": "Feature",
      "properties": {
        "id": "000-colin-webb",
        "name": "Colin Webb",
        "current_position": {},
        "platforms": [],
        "affiliations": [],
        "city": "Unknown",
        "country": "Unknown",
        "short_bio": "",
        "md_filename": "000-colin-webb.md"
      },
      "geometry": null
    },
    {
      "type": "Feature",
      "properties": {
        "id": "000-norman-heckenberg",
        "name": "Norman Heckenberg",
        "current_position": {},
        "platforms": [],
        "affiliations": [],
        "city": "Unknown",
        "country": "Unknown",
        "short_bio": "",
        "md_filename": "000-norman-heckenberg.md"
      },
      "geometry": null
    },
    {
      "type": "Feature",
      "properties": {
        "id": "000-alex-kuzmich",
        "name": "Alex Kuzmich",
        "current_position": {},
        "platforms": [],
        "affiliations": [],
        "city": "Unknown",
        "country": "Unknown",
        "short_bio": "",
        "md_filename": "000-alex-kuzmich.md"
      },
      "geometry": null
    },
    {
      "type": "Feature",
      "properties": {
        "id": "000-robert-schoelkopf",
        "name": "Robert Schoelkopf",
        "current_position": {
          "institution": "Yale University",
          "title": ""
        },
        "platforms": [],
        "affiliations": [],
        "city": "Unknown",
        "country": "Unknown",
        "short_bio": "",
        "md_filename": "000-robert-schoelkopf.md"
      },
      "geometry": null
    },
    {
      "type": "Feature",
      "properties": {
        "id": "075-boris-blinov",
        "name": "Boris B. Blinov",
        "current_position": {
          "institution": "University of Washington",
          "since_year": null,
          "title": "Professor"
        },
        "platforms": [
          "trapped_ion"
        ],
        "affiliations": [],
        "city": "Seattle",
        "country": "United States",
        "short_bio": "Boris B. Blinov leads the Trapped Ion Quantum Computing group at the University of Washington, focusing on barium ion quantum networks and ion-photon entanglement. His early seminal work included the first observation of entanglement between a single trapped atom and a single photon.",
        "md_filename": "075-boris-blinov.md"
      },
      "geometry": {
        "type": "Point",
        "coordinates": [
          -122.3321,
          47.6062
        ]
      }
    },
    {
      "type": "Feature",
      "properties": {
        "id": "030-rene-gerritsma",
        "name": "Rene Gerritsma",
        "current_position": {
          "institution": "University of Amsterdam",
          "since_year": null,
          "title": "Associate Professor"
        },
        "platforms": [
          "trapped_ion",
          "neutral_atom"
        ],
        "affiliations": [],
        "city": "Amsterdam",
        "country": "Netherlands",
        "short_bio": "Rene Gerritsma leads research on Hybrid Atom-Ion Quantum Systems at the University of Amsterdam. His group explores the interface between ultracold neutral atoms and trapped ions for quantum simulation and quantum information applications.",
        "md_filename": "030-rene-gerritsma.md"
      },
      "geometry": {
        "type": "Point",
        "coordinates": [
          4.9041,
          52.3676
        ]
      }
    },
    {
      "type": "Feature",
      "properties": {
        "id": "000-h-jeff-kimble",
        "name": "H. Jeff Kimble",
        "current_position": {
          "institution": "California Institute of Technology",
          "title": ""
        },
        "platforms": [],
        "affiliations": [],
        "city": "Unknown",
        "country": "Unknown",
        "short_bio": "",
        "md_filename": "000-h-jeff-kimble.md"
      },
      "geometry": null
    },
    {
      "type": "Feature",
      "properties": {
        "id": "004-christopher-monroe",
        "name": "Christopher R. Monroe",
        "current_position": {
          "institution": "Duke University",
          "since_year": null,
          "title": "Gilhuly Family Presidential Distinguished Professor; Professor of Electrical and Computer Engineering and Physics"
        },
        "platforms": [
          "trapped_ion"
        ],
        "affiliations": [
          "IonQ, Inc. (USA)"
        ],
        "city": "Durham",
        "country": "United States",
        "short_bio": "Christopher R. Monroe is a physicist and a leading figure in trapped-ion quantum information science. He is the Gilhuly Family Presidential Distinguished Professor of Electrical & Computer Engineering and Physics at Duke University, and a co-founder of IonQ, a company commercializing trapped-ion quantum computers.",
        "md_filename": "004-christopher-monroe.md"
      },
      "geometry": {
        "type": "Point",
        "coordinates": [
          -78.9377,
          36.0033
        ]
      }
    },
    {
      "type": "Feature",
      "properties": {
        "id": "036-richard-thompson",
        "name": "Richard C. Thompson",
        "current_position": {
          "institution": "Imperial College London",
          "since_year": null,
          "title": "Professor of Experimental Physics"
        },
        "platforms": [
          "trapped_ion"
        ],
        "affiliations": [],
        "city": "London",
        "country": "United Kingdom",
        "short_bio": "Richard C. Thompson is a Professor of Experimental Physics at Imperial College London, where he leads the Ion Trapping Group within the Quantum Optics and Laser Science (QOLS) section. His group has been a long-established center for trapped-ion quantum information research, working with calcium ions on quantum computing and fundamental ion trap technology.",
        "md_filename": "036-richard-thompson.md"
      },
      "geometry": {
        "type": "Point",
        "coordinates": [
          -0.1278,
          51.5074
        ]
      }
    },
    {
      "type": "Feature",
      "properties": {
        "id": "000-gerard-milburn",
        "name": "Gerard Milburn",
        "current_position": {},
        "platforms": [],
        "affiliations": [],
        "city": "Unknown",
        "country": "Unknown",
        "short_bio": "",
        "md_filename": "000-gerard-milburn.md"
      },
      "geometry": null
    },
    {
      "type": "Feature",
      "properties": {
        "id": "000-guo-guangcan",
        "name": "Guo Guangcan",
        "current_position": {},
        "platforms": [],
        "affiliations": [],
        "city": "Unknown",
        "country": "Unknown",
        "short_bio": "",
        "md_filename": "000-guo-guangcan.md"
      },
      "geometry": null
    },
    {
      "type": "Feature",
      "properties": {
        "id": "000-jun-ye",
        "name": "Jun Ye",
        "current_position": {
          "institution": "University of Colorado at Boulder",
          "title": ""
        },
        "platforms": [],
        "affiliations": [],
        "city": "Unknown",
        "country": "Unknown",
        "short_bio": "",
        "md_filename": "000-jun-ye.md"
      },
      "geometry": null
    },
    {
      "type": "Feature",
      "properties": {
        "id": "069-sadiq-rangwala",
        "name": "S. A. Rangwala",
        "current_position": {
          "institution": "Raman Research Institute",
          "since_year": null,
          "title": "Senior Professor"
        },
        "platforms": [
          "trapped_ion"
        ],
        "affiliations": [],
        "city": "Bengaluru",
        "country": "India",
        "short_bio": "S. A. Rangwala is a Senior Professor leading cold atoms and ions research at the Raman Research Institute, focusing on hybrid ion-atom systems and cold collisions.",
        "md_filename": "069-sadiq-rangwala.md"
      },
      "geometry": {
        "type": "Point",
        "coordinates": [
          77.5946,
          12.9716
        ]
      }
    },
    {
      "type": "Feature",
      "properties": {
        "id": "000-markus-greiner",
        "name": "Markus Greiner",
        "current_position": {},
        "platforms": [],
        "affiliations": [],
        "city": "Unknown",
        "country": "Unknown",
        "short_bio": "",
        "md_filename": "000-markus-greiner.md"
      },
      "geometry": null
    },
    {
      "type": "Feature",
      "properties": {
        "id": "043-kilian-singer",
        "name": "Kilian Singer",
        "current_position": {
          "institution": "University of Kassel",
          "since_year": null,
          "title": "Professor"
        },
        "platforms": [
          "trapped_ion"
        ],
        "affiliations": [],
        "city": "Kassel",
        "country": "Germany",
        "short_bio": "Kilian Singer leads the Trapped Ion Quantum Information and Thermodynamics group at the University of Kassel. His research focuses on single-ion heat engines, thermodynamics in the quantum regime, and scalable ion trap technologies using calcium ions.",
        "md_filename": "043-kilian-singer.md"
      },
      "geometry": {
        "type": "Point",
        "coordinates": [
          9.4797,
          51.3127
        ]
      }
    },
    {
      "type": "Feature",
      "properties": {
        "id": "000-nathan-gemelke",
        "name": "Nathan Gemelke",
        "current_position": {},
        "platforms": [],
        "affiliations": [],
        "city": "Unknown",
        "country": "Unknown",
        "short_bio": "",
        "md_filename": "000-nathan-gemelke.md"
      },
      "geometry": null
    },
    {
      "type": "Feature",
      "properties": {
        "id": "027-lukas-slodicka",
        "name": "Lukáš Slodička",
        "current_position": {
          "institution": "Palacký University Olomouc",
          "since_year": null,
          "title": "Research Group Leader"
        },
        "platforms": [
          "trapped_ion"
        ],
        "affiliations": [],
        "city": "Olomouc",
        "country": "Czech Republic",
        "short_bio": "Lukáš Slodička leads the Trapped Ions group in the Department of Optics at Palacký University Olomouc, Czech Republic. His research focuses on quantum optics with trapped ions, particularly atom-light interactions and efficient ion-photon interfaces for quantum networking.",
        "md_filename": "027-lukas-slodicka.md"
      },
      "geometry": {
        "type": "Point",
        "coordinates": [
          17.2509,
          49.5938
        ]
      }
    },
    {
      "type": "Feature",
      "properties": {
        "id": "038-eric-hudson",
        "name": "Eric R. Hudson",
        "current_position": {
          "institution": "University of California, Los Angeles",
          "since_year": null,
          "title": "Professor"
        },
        "platforms": [
          "trapped_ion"
        ],
        "affiliations": [],
        "city": "Los Angeles",
        "country": "United States",
        "short_bio": "Eric R. Hudson leads the Hudson Lab at UCLA, focusing on trapped molecular ions, ultracold chemistry, and quantum simulation. His group works with barium, ytterbium, and molecular ions to explore ion-neutral collisions and chemical reactions at ultracold temperatures.",
        "md_filename": "038-eric-hudson.md"
      },
      "geometry": {
        "type": "Point",
        "coordinates": [
          -118.2437,
          34.0522
        ]
      }
    },
    {
      "type": "Feature",
      "properties": {
        "id": "039-wes-campbell",
        "name": "Wesley C. Campbell",
        "current_position": {
          "institution": "University of California, Los Angeles",
          "since_year": null,
          "title": "Professor"
        },
        "platforms": [
          "trapped_ion"
        ],
        "affiliations": [],
        "city": "Los Angeles",
        "country": "United States",
        "short_bio": "Wesley C. Campbell leads the Campbell Lab at UCLA, focusing on trapped-ion quantum simulation and quantum computing with ytterbium ions. His research also includes precision measurement and optical atomic clocks.",
        "md_filename": "039-wes-campbell.md"
      },
      "geometry": {
        "type": "Point",
        "coordinates": [
          -118.2437,
          34.0522
        ]
      }
    },
    {
      "type": "Feature",
      "properties": {
        "id": "057-utako-tanaka",
        "name": "Utako Tanaka",
        "current_position": {
          "institution": "Osaka University",
          "since_year": null,
          "title": "Associate Professor"
        },
        "platforms": [
          "trapped_ion"
        ],
        "affiliations": [],
        "city": "Osaka",
        "country": "Japan",
        "short_bio": "Utako Tanaka is an Associate Professor at Osaka University. Her research group focuses on the design, fabrication, and operation of microfabricated surface-electrode ion traps, primarily using calcium ions for quantum computing and quantum simulation applications. She is a key participant in the international TRiAC collaboration for advanced trap development.",
        "md_filename": "057-utako-tanaka.md"
      },
      "geometry": {
        "type": "Point",
        "coordinates": [
          135.5023,
          34.6937
        ]
      }
    },
    {
      "type": "Feature",
      "properties": {
        "id": "000-michel-devoret",
        "name": "Michel Devoret",
        "current_position": {
          "institution": "University of California, Santa Barbara",
          "title": ""
        },
        "platforms": [],
        "affiliations": [],
        "city": "Unknown",
        "country": "Unknown",
        "short_bio": "",
        "md_filename": "000-michel-devoret.md"
      },
      "geometry": null
    },
    {
      "type": "Feature",
      "properties": {
        "id": "053-masao-kitano",
        "name": "Masao Kitano",
        "current_position": {
          "institution": "Kyoto University",
          "since_year": null,
          "title": "Professor"
        },
        "platforms": [
          "trapped_ion"
        ],
        "affiliations": [],
        "city": "Kyoto",
        "country": "Japan",
        "short_bio": "Masao Kitano leads research in quantum optics and trapped-ion systems at Kyoto University. His work focuses on quantum information processing with ytterbium ions.",
        "md_filename": "053-masao-kitano.md"
      },
      "geometry": {
        "type": "Point",
        "coordinates": [
          135.7681,
          35.0116
        ]
      }
    },
    {
      "type": "Feature",
      "properties": {
        "id": "000-halina-rubinsztein-dunlop",
        "name": "Halina Rubinsztein-Dunlop",
        "current_position": {
          "institution": "University of Queensland",
          "title": ""
        },
        "platforms": [],
        "affiliations": [],
        "city": "Unknown",
        "country": "Unknown",
        "short_bio": "",
        "md_filename": "000-halina-rubinsztein-dunlop.md"
      },
      "geometry": null
    },
    {
      "type": "Feature",
      "properties": {
        "id": "050-rachel-godun",
        "name": "Rachel Godun",
        "current_position": {
          "institution": "National Physical Laboratory (NPL)",
          "since_year": 2008,
          "title": "Principal Scientist"
        },
        "platforms": [
          "trapped_ion"
        ],
        "affiliations": [],
        "city": "Teddington",
        "country": "United Kingdom",
        "short_bio": "Rachel Godun is a Principal Scientist at the National Physical Laboratory (NPL), where she leads the Ytterbium Ion Optical Clock team. Her research focuses on developing and improving trapped-ion optical clocks for next-generation timekeeping and fundamental physics tests, including constraints on the time variation of fundamental constants.",
        "md_filename": "050-rachel-godun.md"
      },
      "geometry": {
        "type": "Point",
        "coordinates": [
          -0.3429,
          51.4275
        ]
      }
    },
    {
      "type": "Feature",
      "properties": {
        "id": "000-shay-hacohen-gourgy",
        "name": "Shay Hacohen-Gourgy",
        "current_position": {},
        "platforms": [],
        "affiliations": [],
        "city": "Unknown",
        "country": "Unknown",
        "short_bio": "",
        "md_filename": "000-shay-hacohen-gourgy.md"
      },
      "geometry": null
    },
    {
      "type": "Feature",
      "properties": {
        "id": "000-dorit-aharonov",
        "name": "Dorit Aharonov",
        "current_position": {},
        "platforms": [],
        "affiliations": [],
        "city": "Unknown",
        "country": "Unknown",
        "short_bio": "",
        "md_filename": "000-dorit-aharonov.md"
      },
      "geometry": null
    },
    {
      "type": "Feature",
      "properties": {
        "id": "000-amit-ben-kish",
        "name": "Amit Ben Kish",
        "current_position": {},
        "platforms": [],
        "affiliations": [],
        "city": "Unknown",
        "country": "Unknown",
        "short_bio": "",
        "md_filename": "000-amit-ben-kish.md"
      },
      "geometry": null
    },
    {
      "type": "Feature",
      "properties": {
        "id": "000-norman-f-ramsey",
        "name": "Norman F. Ramsey",
        "current_position": {},
        "platforms": [],
        "affiliations": [],
        "city": "Unknown",
        "country": "Unknown",
        "short_bio": "",
        "md_filename": "000-norman-f-ramsey.md"
      },
      "geometry": null
    },
    {
      "type": "Feature",
      "properties": {
        "id": "000-serge-haroche",
        "name": "Serge Haroche",
        "current_position": {
          "institution": "Collège de France",
          "title": ""
        },
        "platforms": [],
        "affiliations": [],
        "city": "Unknown",
        "country": "Unknown",
        "short_bio": "",
        "md_filename": "000-serge-haroche.md"
      },
      "geometry": null
    },
    {
      "type": "Feature",
      "properties": {
        "id": "068-paul-barclay",
        "name": "Paul Barclay",
        "current_position": {
          "institution": "University of Calgary",
          "since_year": null,
          "title": "Professor"
        },
        "platforms": [
          "trapped_ion"
        ],
        "affiliations": [],
        "city": "Calgary",
        "country": "Canada",
        "short_bio": "Paul Barclay leads a quantum photonics research group at the University of Calgary focusing on hybrid quantum systems, diamond-based quantum technologies, and nanophotonics. His work explores coupling trapped ions and solid-state defects (like NV centers) to nanophotonic cavities for enhanced light-matter interaction.",
        "md_filename": "068-paul-barclay.md"
      },
      "geometry": {
        "type": "Point",
        "coordinates": [
          -114.13,
          51.0776
        ]
      }
    },
    {
      "type": "Feature",
      "properties": {
        "id": "072-brian-mcmahon",
        "name": "Brian McMahon",
        "current_position": {
          "institution": "Georgia Institute of Technology",
          "since_year": null,
          "title": "Research Scientist"
        },
        "platforms": [
          "trapped_ion"
        ],
        "affiliations": [],
        "city": "Atlanta",
        "country": "United States",
        "short_bio": "Brian McMahon is a Research Scientist at the Georgia Tech Research Institute (GTRI), leading trapped-ion research focused on quantum computing and quantum networks. His work has involved the development of compact, reconfigurable Penning ion traps and advanced Doppler cooling techniques for quantum simulation.",
        "md_filename": "072-brian-mcmahon.md"
      },
      "geometry": {
        "type": "Point",
        "coordinates": [
          -84.388,
          33.749
        ]
      }
    },
    {
      "type": "Feature",
      "properties": {
        "id": "000-michael-s-chapman",
        "name": "Michael S. Chapman",
        "current_position": {},
        "platforms": [],
        "affiliations": [],
        "city": "Unknown",
        "country": "Unknown",
        "short_bio": "",
        "md_filename": "000-michael-s-chapman.md"
      },
      "geometry": null
    },
    {
      "type": "Feature",
      "properties": {
        "id": "003-chris-ballance",
        "name": "Chris Ballance",
        "current_position": {
          "institution": "IonQ, Inc.",
          "title": "President, Quantum Computing"
        },
        "platforms": [
          "trapped_ion"
        ],
        "affiliations": [
          "Oxford Ionics",
          "IonQ, Inc. (USA)"
        ],
        "city": "Oxford",
        "country": "United Kingdom",
        "short_bio": "Dr. Chris Ballance is a physicist and quantum-technology leader working on trapped-ion quantum computing across academia and industry. He completed his DPhil (PhD) at the University of Oxford under Prof. David M. Lucas, with a thesis on high-fidelity trapped-ion quantum logic.",
        "md_filename": "003-chris-ballance.md"
      },
      "geometry": {
        "type": "Point",
        "coordinates": [
          -1.2582,
          51.7594
        ]
      }
    },
    {
      "type": "Feature",
      "properties": {
        "id": "000-tal-david",
        "name": "Tal David",
        "current_position": {},
        "platforms": [],
        "affiliations": [],
        "city": "Unknown",
        "country": "Unknown",
        "short_bio": "",
        "md_filename": "000-tal-david.md"
      },
      "geometry": null
    },
    {
      "type": "Feature",
      "properties": {
        "id": "074-piet-schmidt",
        "name": "Piet O. Schmidt",
        "current_position": {
          "institution": "Physikalisch-Technische Bundesanstalt (PTB) / Leibniz University Hannover",
          "since_year": null,
          "title": "Professor / Group Leader"
        },
        "platforms": [
          "trapped_ion"
        ],
        "affiliations": [],
        "city": "Braunschweig",
        "country": "Germany",
        "short_bio": "Piet O. Schmidt leads the QUEST Institute for Experimental Quantum Metrology at PTB and Leibniz University Hannover. His research group is renowned for developing ultra-precise optical atomic clocks using trapped ions. He is a pioneer of quantum logic spectroscopy, a technique he co-developed during his postdoc, which allows the spectroscopy of ions that lack suitable transitions for direct laser cooling and detection (such as aluminum and highly charged ions).",
        "md_filename": "074-piet-schmidt.md"
      },
      "geometry": {
        "type": "Point",
        "coordinates": [
          10.5268,
          52.2689
        ]
      }
    },
    {
      "type": "Feature",
      "properties": {
        "id": "000-kyungwon-an",
        "name": "Kyungwon An",
        "current_position": {},
        "platforms": [],
        "affiliations": [],
        "city": "Unknown",
        "country": "Unknown",
        "short_bio": "",
        "md_filename": "000-kyungwon-an.md"
      },
      "geometry": null
    },
    {
      "type": "Feature",
      "properties": {
        "id": "000-dr-nir-bar-gill",
        "name": "Nir Bar-Gill",
        "current_position": {},
        "platforms": [],
        "affiliations": [],
        "city": "Unknown",
        "country": "Unknown",
        "short_bio": "",
        "md_filename": "000-dr-nir-bar-gill.md"
      },
      "geometry": null
    },
    {
      "type": "Feature",
      "properties": {
        "id": "014-thomas-monz",
        "name": "Thomas Monz",
        "current_position": {
          "institution": "University of Innsbruck",
          "since_year": 2011,
          "title": "Senior Scientist"
        },
        "platforms": [
          "trapped_ion"
        ],
        "affiliations": [
          "Alpine Quantum Technologies (AQT)"
        ],
        "city": "Innsbruck",
        "country": "Austria",
        "short_bio": "Thomas Monz is an experimental quantum physicist serving as a Senior Scientist at the University of Innsbruck and is the Co-founder and CEO of Alpine Quantum Technologies (AQT), an Austrian spin-out developing general-purpose trapped-ion quantum computers.",
        "md_filename": "014-thomas-monz.md"
      },
      "geometry": {
        "type": "Point",
        "coordinates": [
          11.3856,
          47.263
        ]
      }
    },
    {
      "type": "Feature",
      "properties": {
        "id": "060-moonjoo-lee",
        "name": "Moonjoo Lee",
        "current_position": {
          "institution": "POSTECH",
          "since_year": 2020,
          "title": "Associate Professor"
        },
        "platforms": [
          "trapped_ion"
        ],
        "affiliations": [],
        "city": "Pohang",
        "country": "South Korea",
        "short_bio": "Moonjoo Lee leads the trapped-ion quantum computing group at POSTECH (Pohang University of Science and Technology). His research focuses on quantum simulation, quantum computing, and cavity QED with ytterbium ions.",
        "md_filename": "060-moonjoo-lee.md"
      },
      "geometry": {
        "type": "Point",
        "coordinates": [
          129.3435,
          36.019
        ]
      }
    },
    {
      "type": "Feature",
      "properties": {
        "id": "070-markus-hennrich",
        "name": "Markus Hennrich",
        "current_position": {
          "institution": "Stockholm University",
          "since_year": null,
          "title": "Professor"
        },
        "platforms": [
          "trapped_ion"
        ],
        "affiliations": [],
        "city": "Stockholm",
        "country": "Sweden",
        "short_bio": "Markus Hennrich leads the Trapped Rydberg Ion Group at Stockholm University, pioneering work on Rydberg excitation of trapped ions (such as strontium) for fast quantum computing operations and quantum simulation.",
        "md_filename": "070-markus-hennrich.md"
      },
      "geometry": {
        "type": "Point",
        "coordinates": [
          18.0686,
          59.3293
        ]
      }
    },
    {
      "type": "Feature",
      "properties": {
        "id": "000-randy-hulet",
        "name": "Randy Hulet",
        "current_position": {},
        "platforms": [],
        "affiliations": [],
        "city": "Unknown",
        "country": "Unknown",
        "short_bio": "",
        "md_filename": "000-randy-hulet.md"
      },
      "geometry": null
    },
    {
      "type": "Feature",
      "properties": {
        "id": "000-yoshihisa-yamamoto",
        "name": "Yoshihisa Yamamoto",
        "current_position": {},
        "platforms": [],
        "affiliations": [],
        "city": "Unknown",
        "country": "Unknown",
        "short_bio": "",
        "md_filename": "000-yoshihisa-yamamoto.md"
      },
      "geometry": null
    },
    {
      "type": "Feature",
      "properties": {
        "id": "000-john-l-hall",
        "name": "John L. Hall",
        "current_position": {},
        "platforms": [],
        "affiliations": [],
        "city": "Unknown",
        "country": "Unknown",
        "short_bio": "",
        "md_filename": "000-john-l-hall.md"
      },
      "geometry": null
    },
    {
      "type": "Feature",
      "properties": {
        "id": "046-kjeld-eikema",
        "name": "Kjeld S. E. Eikema",
        "current_position": {
          "institution": "VU Amsterdam",
          "since_year": null,
          "title": "Professor"
        },
        "platforms": [
          "trapped_ion"
        ],
        "affiliations": [],
        "city": "Amsterdam",
        "country": "Netherlands",
        "short_bio": "Kjeld S. E. Eikema leads the Ultrafast Laser Physics and Precision Metrology group at VU Amsterdam and is a Group Leader at the Advanced Research Center for Nanolithography (ARCNL). His research combines frequency combs with trapped ions and neutral atoms (such as helium) for extreme precision measurements and tests of fundamental physics and Quantum Electrodynamics (QED).",
        "md_filename": "046-kjeld-eikema.md"
      },
      "geometry": {
        "type": "Point",
        "coordinates": [
          4.9041,
          52.3676
        ]
      }
    },
    {
      "type": "Feature",
      "properties": {
        "id": "000-oded-melamed",
        "name": "Oded Melamed",
        "current_position": {},
        "platforms": [],
        "affiliations": [],
        "city": "Unknown",
        "country": "Unknown",
        "short_bio": "",
        "md_filename": "000-oded-melamed.md"
      },
      "geometry": null
    },
    {
      "type": "Feature",
      "properties": {
        "id": "000-moshe-tordjman",
        "name": "Moshe Tordjman",
        "current_position": {},
        "platforms": [],
        "affiliations": [],
        "city": "Unknown",
        "country": "Unknown",
        "short_bio": "",
        "md_filename": "000-moshe-tordjman.md"
      },
      "geometry": null
    },
    {
      "type": "Feature",
      "properties": {
        "id": "000-wim-hogervorst",
        "name": "Wim Hogervorst",
        "current_position": {},
        "platforms": [],
        "affiliations": [],
        "city": "Unknown",
        "country": "Unknown",
        "short_bio": "",
        "md_filename": "000-wim-hogervorst.md"
      },
      "geometry": null
    },
    {
      "type": "Feature",
      "properties": {
        "id": "061-taeyoung-choi",
        "name": "Taeyoung Choi",
        "current_position": {
          "institution": "Ewha Womans University",
          "since_year": null,
          "title": "Professor"
        },
        "platforms": [
          "trapped_ion"
        ],
        "affiliations": [],
        "city": "Seoul",
        "country": "South Korea",
        "short_bio": "Taeyoung Choi leads trapped-ion research at Ewha Womans University in Seoul, focusing on quantum computing and quantum control with ytterbium ions.",
        "md_filename": "061-taeyoung-choi.md"
      },
      "geometry": {
        "type": "Point",
        "coordinates": [
          126.978,
          37.5665
        ]
      }
    },
    {
      "type": "Feature",
      "properties": {
        "id": "000-john-m-doyle",
        "name": "John M. Doyle",
        "current_position": {},
        "platforms": [],
        "affiliations": [],
        "city": "Unknown",
        "country": "Unknown",
        "short_bio": "",
        "md_filename": "000-john-m-doyle.md"
      },
      "geometry": null
    },
    {
      "type": "Feature",
      "properties": {
        "id": "018-michael-drewsen",
        "name": "Michael Drewsen",
        "current_position": {
          "institution": "Aarhus University",
          "since_year": null,
          "title": "Professor"
        },
        "platforms": [
          "trapped_ion"
        ],
        "affiliations": [],
        "city": "Aarhus",
        "country": "Denmark",
        "short_bio": "Michael Drewsen is a professor at Aarhus University and leads research in trapped-ion physics, with particular focus on molecular ions, large Coulomb crystals, and quantum simulation. His group has made significant contributions to sympathetic cooling techniques and precision spectroscopy of molecular ions, and he authored early seminal work on forming large ion crystals in linear Paul traps.",
        "md_filename": "018-michael-drewsen.md"
      },
      "geometry": {
        "type": "Point",
        "coordinates": [
          10.2039,
          56.1629
        ]
      }
    },
    {
      "type": "Feature",
      "properties": {
        "id": "054-hiroki-takahashi",
        "name": "Hiroki Takahashi",
        "current_position": {
          "institution": "Okinawa Institute of Science and Technology (OIST)",
          "since_year": 2019,
          "title": "Associate Professor"
        },
        "platforms": [
          "trapped_ion"
        ],
        "affiliations": [],
        "city": "Onna",
        "country": "Japan",
        "short_bio": "Hiroki Takahashi is an Associate Professor at OIST, where he leads the Experimental Quantum Information Physics Unit. His research focuses on trapped-ion quantum networks and cavity QED with calcium and barium ions.",
        "md_filename": "054-hiroki-takahashi.md"
      },
      "geometry": {
        "type": "Point",
        "coordinates": [
          127.8308,
          26.4633
        ]
      }
    },
    {
      "type": "Feature",
      "properties": {
        "id": "000-william-d-phillips",
        "name": "William D. Phillips",
        "current_position": {
          "institution": "University of Maryland, College Park",
          "title": ""
        },
        "platforms": [],
        "affiliations": [],
        "city": "Unknown",
        "country": "Unknown",
        "short_bio": "",
        "md_filename": "000-william-d-phillips.md"
      },
      "geometry": null
    },
    {
      "type": "Feature",
      "properties": {
        "id": "000-roberta-ramponi",
        "name": "Roberta Ramponi",
        "current_position": {},
        "platforms": [],
        "affiliations": [],
        "city": "Unknown",
        "country": "Unknown",
        "short_bio": "",
        "md_filename": "000-roberta-ramponi.md"
      },
      "geometry": null
    },
    {
      "type": "Feature",
      "properties": {
        "id": "000-shmuel-bachinsky",
        "name": "Shmuel Bachinsky",
        "current_position": {},
        "platforms": [],
        "affiliations": [],
        "city": "Unknown",
        "country": "Unknown",
        "short_bio": "",
        "md_filename": "000-shmuel-bachinsky.md"
      },
      "geometry": null
    },
    {
      "type": "Feature",
      "properties": {
        "id": "000-tilman-pfau",
        "name": "Tilman Pfau",
        "current_position": {},
        "platforms": [],
        "affiliations": [],
        "city": "Unknown",
        "country": "Unknown",
        "short_bio": "",
        "md_filename": "000-tilman-pfau.md"
      },
      "geometry": null
    },
    {
      "type": "Feature",
      "properties": {
        "id": "000-gunter-werth",
        "name": "Günter Werth",
        "current_position": {},
        "platforms": [],
        "affiliations": [],
        "city": "Unknown",
        "country": "Unknown",
        "short_bio": "",
        "md_filename": "000-gunter-werth.md"
      },
      "geometry": null
    },
    {
      "type": "Feature",
      "properties": {
        "id": "000-andrew-steane",
        "name": "Andrew Steane",
        "current_position": {},
        "platforms": [],
        "affiliations": [],
        "city": "Unknown",
        "country": "Unknown",
        "short_bio": "",
        "md_filename": "000-andrew-steane.md"
      },
      "geometry": null
    },
    {
      "type": "Feature",
      "properties": {
        "id": "000-nir-davidson",
        "name": "Nir Davidson",
        "current_position": {},
        "platforms": [],
        "affiliations": [],
        "city": "Unknown",
        "country": "Unknown",
        "short_bio": "",
        "md_filename": "000-nir-davidson.md"
      },
      "geometry": null
    },
    {
      "type": "Feature",
      "properties": {
        "id": "047-klaus-jungmann",
        "name": "Klaus Jungmann",
        "current_position": {
          "institution": "University of Groningen",
          "since_year": null,
          "title": "Professor"
        },
        "platforms": [
          "trapped_ion"
        ],
        "affiliations": [],
        "city": "Groningen",
        "country": "Netherlands",
        "short_bio": "Klaus Jungmann leads the Fundamental Interactions and Symmetries group at the University of Groningen. His prominent work involves precision measurements with trapped radium and barium ions to test fundamental symmetries and search for physics beyond the Standard Model.",
        "md_filename": "047-klaus-jungmann.md"
      },
      "geometry": {
        "type": "Point",
        "coordinates": [
          6.5665,
          53.2194
        ]
      }
    },
    {
      "type": "Feature",
      "properties": {
        "id": "016-jonathan-home",
        "name": "Jonathan P. Home",
        "current_position": {
          "institution": "ETH Zurich",
          "since_year": 2012,
          "title": "Full Professor of Physics"
        },
        "platforms": [
          "trapped_ion"
        ],
        "affiliations": [],
        "city": "Zürich",
        "country": "Switzerland",
        "short_bio": "Jonathan P. Home is a Full Professor of Physics at ETH Zürich, where he leads the Trapped Ion Quantum Information (TIQI) group. His research focuses on precision control, error correction, and scalable architectures for trapped-ion quantum computing, including integrated trap technologies with photonic components.",
        "md_filename": "016-jonathan-home.md"
      },
      "geometry": {
        "type": "Point",
        "coordinates": [
          8.5072,
          47.4083
        ]
      }
    },
    {
      "type": "Feature",
      "properties": {
        "id": "015-tracy-northup",
        "name": "Tracy E. Northup",
        "current_position": {
          "institution": "University of Innsbruck",
          "since_year": 2015,
          "title": "Full Professor of Experimental Physics"
        },
        "platforms": [
          "trapped_ion",
          "cavity_qed_hybrid"
        ],
        "affiliations": [],
        "city": "Innsbruck",
        "country": "Austria",
        "short_bio": "Tracy E. Northup is a Full Professor of Experimental Physics at the University of Innsbruck, where she leads the Quantum Interfaces group. Her research pioneers the integration of trapped ions with optical cavities to create robust light-matter interfaces for quantum networking, communication, and sensing. She also explores hybrid optomechanical systems, including trapping nanoparticles in ion traps.",
        "md_filename": "015-tracy-northup.md"
      },
      "geometry": {
        "type": "Point",
        "coordinates": [
          11.3856,
          47.263
        ]
      }
    },
    {
      "type": "Feature",
      "properties": {
        "id": "076-tilman-esslinger",
        "name": "Tilman Esslinger",
        "current_position": {
          "institution": "ETH Zürich",
          "since_year": 2001,
          "title": "Professor of Physics"
        },
        "platforms": [
          "trapped_ion",
          "neutral_atom"
        ],
        "affiliations": [],
        "city": "Zürich",
        "country": "Switzerland",
        "short_bio": "Tilman Esslinger is a Professor of Physics at ETH Zürich, where he leads the Quantum Optics Group. His group is renowned for pioneering experiments with ultracold quantum gases in optical lattices and cavities, and more recently for hybrid atom-ion systems.",
        "md_filename": "076-tilman-esslinger.md"
      },
      "geometry": {
        "type": "Point",
        "coordinates": [
          8.5417,
          47.3769
        ]
      }
    },
    {
      "type": "Feature",
      "properties": {
        "id": "000-dr-nissim-ofek",
        "name": "Nissim Ofek",
        "current_position": {},
        "platforms": [],
        "affiliations": [],
        "city": "Unknown",
        "country": "Unknown",
        "short_bio": "",
        "md_filename": "000-dr-nissim-ofek.md"
      },
      "geometry": null
    },
    {
      "type": "Feature",
      "properties": {
        "id": "011-kihwan-kim",
        "name": "Kihwan Kim",
        "current_position": {
          "institution": "Institute for Basic Science (IBS), South Korea",
          "since_year": 2025,
          "title": "Director, Center for Trapped Ion Quantum Science"
        },
        "platforms": [
          "trapped_ion"
        ],
        "affiliations": [
          "Tsinghua University"
        ],
        "city": "Daejeon",
        "country": "South Korea",
        "short_bio": "Kihwan Kim is a leading trapped-ion quantum computing experimentalist and Director of the Center for Trapped Ion Quantum Science at the Institute for Basic Science (IBS) in South Korea, a position he assumed in late 2025.",
        "md_filename": "011-kihwan-kim.md"
      },
      "geometry": {
        "type": "Point",
        "coordinates": [
          127.365,
          36.3741
        ]
      }
    },
    {
      "type": "Feature",
      "properties": {
        "id": "008-john-bollinger",
        "name": "John J. Bollinger",
        "current_position": {
          "institution": "National Institute of Standards and Technology (NIST), Boulder",
          "since_year": null,
          "title": "Staff Scientist / Group Leader, Ion Storage Group"
        },
        "platforms": [
          "trapped_ion"
        ],
        "affiliations": [],
        "city": "Boulder",
        "country": "United States",
        "short_bio": "John J. Bollinger is a staff scientist and current group leader of the NIST Ion Storage Group in the Time and Frequency Division. He received undergraduate degrees in physics and mathematics from Cornell University (1974) and a PhD in physics from Harvard University (1981) under Arthur Pipkin.",
        "md_filename": "008-john-bollinger.md"
      },
      "geometry": {
        "type": "Point",
        "coordinates": [
          -105.2629,
          40.0094
        ]
      }
    },
    {
      "type": "Feature",
      "properties": {
        "id": "000-saar-barak",
        "name": "Saar Barak",
        "current_position": {},
        "platforms": [],
        "affiliations": [],
        "city": "Unknown",
        "country": "Unknown",
        "short_bio": "",
        "md_filename": "000-saar-barak.md"
      },
      "geometry": null
    },
    {
      "type": "Feature",
      "properties": {
        "id": "051-john-chiaverini",
        "name": "John Chiaverini",
        "current_position": {
          "institution": "MIT Lincoln Laboratory",
          "since_year": null,
          "title": "Senior Staff"
        },
        "platforms": [
          "trapped_ion"
        ],
        "affiliations": [],
        "city": "Lexington",
        "country": "United States",
        "short_bio": "John Chiaverini leads trapped-ion research at MIT Lincoln Laboratory. His work focuses on scalable quantum computing architectures, integrated photonics for ion traps, and surface-electrode trap technology.",
        "md_filename": "051-john-chiaverini.md"
      },
      "geometry": {
        "type": "Point",
        "coordinates": [
          -71.2272,
          42.4473
        ]
      }
    },
    {
      "type": "Feature",
      "properties": {
        "id": "000-charles-m-marcus",
        "name": "Charles M. Marcus",
        "current_position": {},
        "platforms": [],
        "affiliations": [],
        "city": "Unknown",
        "country": "Unknown",
        "short_bio": "",
        "md_filename": "000-charles-m-marcus.md"
      },
      "geometry": null
    },
    {
      "type": "Feature",
      "properties": {
        "id": "000-carl-wieman",
        "name": "Carl Wieman",
        "current_position": {},
        "platforms": [],
        "affiliations": [],
        "city": "Unknown",
        "country": "Unknown",
        "short_bio": "",
        "md_filename": "000-carl-wieman.md"
      },
      "geometry": null
    },
    {
      "type": "Feature",
      "properties": {
        "id": "056-kenji-toyoda",
        "name": "Kenji Toyoda",
        "current_position": {
          "institution": "Osaka University",
          "since_year": null,
          "title": "Associate Professor"
        },
        "platforms": [
          "trapped_ion"
        ],
        "affiliations": [],
        "city": "Osaka",
        "country": "Japan",
        "short_bio": "Kenji Toyoda conducts trapped-ion research at Osaka University, focusing on quantum simulation, quantum computing, and motional phonon dynamics with calcium ions.",
        "md_filename": "056-kenji-toyoda.md"
      },
      "geometry": {
        "type": "Point",
        "coordinates": [
          135.5023,
          34.6937
        ]
      }
    },
    {
      "type": "Feature",
      "properties": {
        "id": "000-dr-shai-machnes",
        "name": "Shai Machnes",
        "current_position": {},
        "platforms": [],
        "affiliations": [],
        "city": "Unknown",
        "country": "Unknown",
        "short_bio": "",
        "md_filename": "000-dr-shai-machnes.md"
      },
      "geometry": null
    },
    {
      "type": "Feature",
      "properties": {
        "id": "006-david-wineland",
        "name": "David J. Wineland",
        "current_position": {
          "institution": "University of Oregon",
          "since_year": 2018,
          "title": "Philip H. Knight Distinguished Research Chair; Research Professor (Physics)"
        },
        "platforms": [
          "trapped_ion"
        ],
        "affiliations": [],
        "city": "Eugene",
        "country": "United States",
        "short_bio": "David J. Wineland is a Nobel Prize–winning experimental physicist known for pioneering techniques to **trap, laser-cool, and coherently control single ions**, enabling major advances in **precision atomic clocks** and **trapped-ion quantum information processing**. He spent decades at NIST (Boulder) building the historic Ion Storage Group, where his laboratory developed foundational methods for high-fidelity quantum logic with ions and optical clocks using Aluminum and Mercury ions. In 2018, he joined the University of Oregon as a Research Professor.",
        "md_filename": "006-david-wineland.md"
      },
      "geometry": {
        "type": "Point",
        "coordinates": [
          -123.0728292,
          44.0496255
        ]
      }
    },
    {
      "type": "Feature",
      "properties": {
        "id": "025-christian-schmiegelow",
        "name": "Christian Schmiegelow",
        "current_position": {
          "institution": "University of Buenos Aires",
          "since_year": null,
          "title": "Professor"
        },
        "platforms": [
          "trapped_ion"
        ],
        "affiliations": [],
        "city": "Buenos Aires",
        "country": "Argentina",
        "short_bio": "Christian Schmiegelow leads the Laboratory of Cold Ions and Atoms at the University of Buenos Aires, Argentina. His research focuses on trapped-ion quantum optics, particularly the interaction of ions with structured light (like optical orbital angular momentum), and quantum information processing. His lab represents a key center for experimental ion trapping research in South America.",
        "md_filename": "025-christian-schmiegelow.md"
      },
      "geometry": {
        "type": "Point",
        "coordinates": [
          -58.3816,
          -34.6037
        ]
      }
    },
    {
      "type": "Feature",
      "properties": {
        "id": "063-taehyun-kim",
        "name": "Taehyun Kim",
        "current_position": {
          "institution": "Seoul National University",
          "since_year": null,
          "title": "Associate Professor"
        },
        "platforms": [
          "trapped_ion"
        ],
        "affiliations": [],
        "city": "Seoul",
        "country": "South Korea",
        "short_bio": "Taehyun Kim is an Associate Professor at Seoul National University, where he leads the Quantum Information Systems Laboratory. His research focuses on trapped-ion quantum computing and quantum networks, particularly utilizing microfabricated surface traps and ytterbium ions.",
        "md_filename": "063-taehyun-kim.md"
      },
      "geometry": {
        "type": "Point",
        "coordinates": [
          126.978,
          37.5665
        ]
      }
    },
    {
      "type": "Feature",
      "properties": {
        "id": "000-jay-gupta",
        "name": "Jay Gupta",
        "current_position": {},
        "platforms": [],
        "affiliations": [],
        "city": "Unknown",
        "country": "Unknown",
        "short_bio": "",
        "md_filename": "000-jay-gupta.md"
      },
      "geometry": null
    },
    {
      "type": "Feature",
      "properties": {
        "id": "000-steven-chu",
        "name": "Steven Chu",
        "current_position": {
          "institution": "Lawrence Berkeley National Laboratory",
          "title": ""
        },
        "platforms": [],
        "affiliations": [],
        "city": "Unknown",
        "country": "Unknown",
        "short_bio": "",
        "md_filename": "000-steven-chu.md"
      },
      "geometry": {
        "type": "Point",
        "coordinates": [
          -122.24563,
          37.876959
        ]
      }
    },
    {
      "type": "Feature",
      "properties": {
        "id": "000-franco-n-c-wong",
        "name": "Franco N. C. Wong",
        "current_position": {},
        "platforms": [],
        "affiliations": [],
        "city": "Unknown",
        "country": "Unknown",
        "short_bio": "",
        "md_filename": "000-franco-n-c-wong.md"
      },
      "geometry": null
    },
    {
      "type": "Feature",
      "properties": {
        "id": "000-dan-charash",
        "name": "Dan Charash",
        "current_position": {},
        "platforms": [],
        "affiliations": [],
        "city": "Unknown",
        "country": "Unknown",
        "short_bio": "",
        "md_filename": "000-dan-charash.md"
      },
      "geometry": null
    },
    {
      "type": "Feature",
      "properties": {
        "id": "010-jungsang-kim",
        "name": "Jungsang Kim",
        "current_position": {
          "institution": "Duke University",
          "since_year": null,
          "title": "Schiciano Family Distinguished Professor of Electrical and Computer Engineering; Professor of Physics"
        },
        "platforms": [
          "trapped_ion"
        ],
        "affiliations": [
          "Duke Quantum Center"
        ],
        "city": "Durham",
        "country": "United States",
        "short_bio": "Jungsang Kim leads the Multifunctional Integrated Systems Technology (MIST) group at Duke University. He is the Schiciano Family Distinguished Professor of Electrical and Computer Engineering and Professor of Physics, and serves as Associate Director of the Duke Quantum Center.",
        "md_filename": "010-jungsang-kim.md"
      },
      "geometry": {
        "type": "Point",
        "coordinates": [
          -78.9382,
          36.0014
        ]
      }
    },
    {
      "type": "Feature",
      "properties": {
        "id": "000-theodor-w-hansch",
        "name": "Theodor W. Hänsch",
        "current_position": {},
        "platforms": [],
        "affiliations": [],
        "city": "Unknown",
        "country": "Unknown",
        "short_bio": "",
        "md_filename": "000-theodor-w-hansch.md"
      },
      "geometry": null
    },
    {
      "type": "Feature",
      "properties": {
        "id": "000-j-karl-hedrick",
        "name": "J. Karl Hedrick",
        "current_position": {},
        "platforms": [],
        "affiliations": [],
        "city": "Unknown",
        "country": "Unknown",
        "short_bio": "",
        "md_filename": "000-j-karl-hedrick.md"
      },
      "geometry": null
    },
    {
      "type": "Feature",
      "properties": {
        "id": "000-dr-yehuda-naveh",
        "name": "Yehuda Naveh",
        "current_position": {},
        "platforms": [],
        "affiliations": [],
        "city": "Unknown",
        "country": "Unknown",
        "short_bio": "",
        "md_filename": "000-dr-yehuda-naveh.md"
      },
      "geometry": null
    },
    {
      "type": "Feature",
      "properties": {
        "id": "000-matthias-weidemuller",
        "name": "Matthias Weidemüller",
        "current_position": {},
        "platforms": [],
        "affiliations": [],
        "city": "Unknown",
        "country": "Unknown",
        "short_bio": "",
        "md_filename": "000-matthias-weidemuller.md"
      },
      "geometry": null
    },
    {
      "type": "Feature",
      "properties": {
        "id": "055-takashi-mukaiyama",
        "name": "Takashi Mukaiyama",
        "current_position": {
          "institution": "Osaka University",
          "since_year": null,
          "title": "Professor"
        },
        "platforms": [
          "trapped_ion"
        ],
        "affiliations": [],
        "city": "Osaka",
        "country": "Japan",
        "short_bio": "Takashi Mukaiyama is a Professor at Osaka University. His research group focuses on trapped-ion quantum logic spectroscopy, optical clock development, and precision measurements using calcium and indium ions.",
        "md_filename": "055-takashi-mukaiyama.md"
      },
      "geometry": {
        "type": "Point",
        "coordinates": [
          135.5023,
          34.6937
        ]
      }
    },
    {
      "type": "Feature",
      "properties": {
        "id": "067-mirko-lobino",
        "name": "Mirko Lobino",
        "current_position": {
          "institution": "Griffith University",
          "since_year": null,
          "title": "Associate Professor"
        },
        "platforms": [
          "trapped_ion"
        ],
        "affiliations": [],
        "city": "Brisbane",
        "country": "Australia",
        "short_bio": "Mirko Lobino leads quantum photonics and trapped-ion research at Griffith University in Brisbane, Australia, focusing on hybrid quantum systems and interfacing single trapped ions with quantum photonic circuits.",
        "md_filename": "067-mirko-lobino.md"
      },
      "geometry": {
        "type": "Point",
        "coordinates": [
          153.0251,
          -27.4698
        ]
      }
    },
    {
      "type": "Feature",
      "properties": {
        "id": "079-daniel-rodriguez",
        "name": "Daniel Rodríguez Rubiales",
        "current_position": {
          "institution": "University of Granada",
          "since_year": null,
          "title": "Catedrático de Universidad (Full Professor of Physics)"
        },
        "platforms": [
          "trapped_ion"
        ],
        "affiliations": [],
        "city": "Granada",
        "country": "Spain",
        "short_bio": "Prof. **Daniel Rodríguez Rubiales** is a Spanish experimental physicist and *Catedrático de Universidad* at the **University of Granada**, where he leads the **Ion Traps and Lasers Laboratory** — Spain’s *only* experimental ion-trapping facility of its kind.",
        "md_filename": "079-daniel-rodriguez.md"
      },
      "geometry": {
        "type": "Point",
        "coordinates": [
          -3.5986,
          37.1773
        ]
      }
    },
    {
      "type": "Feature",
      "properties": {
        "id": "048-hermann-uys",
        "name": "Hermann Uys",
        "current_position": {
          "institution": "Stellenbosch University",
          "since_year": null,
          "title": "Professor"
        },
        "platforms": [
          "trapped_ion"
        ],
        "affiliations": [],
        "city": "Stellenbosch",
        "country": "South Africa",
        "short_bio": "Hermann Uys leads the trapped ion research group at Stellenbosch University and the CSIR in South Africa. His work focuses on trapped ytterbium ions for quantum control, simulation of many-body physics, and quantum thermodynamics.",
        "md_filename": "048-hermann-uys.md"
      },
      "geometry": {
        "type": "Point",
        "coordinates": [
          18.8602,
          -33.9321
        ]
      }
    },
    {
      "type": "Feature",
      "properties": {
        "id": "000-thomas-f-gallagher",
        "name": "Thomas F. Gallagher",
        "current_position": {},
        "platforms": [],
        "affiliations": [],
        "city": "Unknown",
        "country": "Unknown",
        "short_bio": "",
        "md_filename": "000-thomas-f-gallagher.md"
      },
      "geometry": null
    },
    {
      "type": "Feature",
      "properties": {
        "id": "021-mike-biercuk",
        "name": "Michael J. Biercuk",
        "current_position": {
          "institution": "University of Sydney",
          "since_year": null,
          "title": "Professor of Quantum Physics; Director, Quantum Control Laboratory"
        },
        "platforms": [
          "trapped_ion"
        ],
        "affiliations": [
          "Q-CTRL"
        ],
        "city": "Sydney",
        "country": "Australia",
        "short_bio": "Michael J. Biercuk is a Professor of Quantum Physics and Director of the Quantum Control Laboratory at the University of Sydney. He is also the founder and CEO of Q-CTRL, a leading quantum technology company specializing in quantum infrastructure software and error suppression.",
        "md_filename": "021-mike-biercuk.md"
      },
      "geometry": {
        "type": "Point",
        "coordinates": [
          151.2093,
          -33.8688
        ]
      }
    },
    {
      "type": "Feature",
      "properties": {
        "id": "077-ben-lanyon",
        "name": "Ben P. Lanyon",
        "current_position": {
          "institution": "University of Innsbruck",
          "since_year": null,
          "title": "Professor"
        },
        "platforms": [
          "trapped_ion"
        ],
        "affiliations": [],
        "city": "Innsbruck",
        "country": "Austria",
        "short_bio": "Ben P. Lanyon leads the Distributed Quantum Systems group at the University of Innsbruck, demonstrating long-distance entanglement distribution with trapped calcium ions and quantum networking protocols. He was also the lead author on a seminal 2011 paper demonstrating universal digital quantum simulation with trapped ions.",
        "md_filename": "077-ben-lanyon.md"
      },
      "geometry": {
        "type": "Point",
        "coordinates": [
          11.4041,
          47.2692
        ]
      }
    }
  ]
}